Channel_name,Status,Update_time
ITLES | –£—Ä–æ–∫–∏ –ø—Ä–æ–≥—Ä–∞–º–º–∏—Ä–æ–≤–∞–Ω–∏—è,ADD,2023-12-06 11:29
PRO4EX FOREX TRADING SIGNALS,ADD,2023-12-06 11:29
"–¶–∏—Ñ—Ä–æ–≤–æ–π –ñ—É—Ä–Ω–∞–ª | IT, ChatGPT",REMOVE,2023-12-06 11:29
PRO4EX FOREX TRADING SIGNALS,REMOVE,2023-12-06 11:46
PRO4EX FOREX TRADING SIGNALS,ADD,2023-12-06 13:20
–ì—Ä—É–ø–ø–∞ ‚ÑñITC011-26,ADD,2023-12-07 14:10
Python Expert | –ü—Ä–æ–≥—Ä–∞–º–º–∏—Ä–æ–≤–∞–Ω–∏–µ,ADD,2023-12-07 14:10
CryptoLab,ADD,2023-12-07 14:10
Programmer & IT Memes,ADD,2023-12-07 14:10
Bot Testing channel,ADD,2023-12-07 14:10
TRADING BOT - [VIP],ADD,2023-12-07 14:10
Trade Indicator üöÄ,ADD,2023-12-07 14:10
Litvinoff,ADD,2023-12-07 14:10
ITLES | –£—Ä–æ–∫–∏ –ø—Ä–æ–≥—Ä–∞–º–º–∏—Ä–æ–≤–∞–Ω–∏—è,ADD,2023-12-07 14:10
PRO4EX FOREX TRADING SIGNALS,ADD,2023-12-07 14:10
Bot testing channel 2,ADD,2023-12-07 14:10
–î–æ–±—Ä—ã–µ –Ω–æ–≤–æ—Å—Ç–∏ üì∞,ADD,2023-12-07 14:10
–ì—Ä—É–ø–ø–∞ ‚ÑñITC011-26,REMOVE,2023-12-07 14:10
Python Expert | –ü—Ä–æ–≥—Ä–∞–º–º–∏—Ä–æ–≤–∞–Ω–∏–µ,REMOVE,2023-12-07 14:10
CryptoLab,REMOVE,2023-12-07 14:10
Programmer & IT Memes,REMOVE,2023-12-07 14:10
Bot Testing channel,REMOVE,2023-12-07 14:10
TRADING BOT - [VIP],REMOVE,2023-12-07 14:10
Trade Indicator üöÄ,REMOVE,2023-12-07 14:10
Litvinoff,REMOVE,2023-12-07 14:10
ITLES | –£—Ä–æ–∫–∏ –ø—Ä–æ–≥—Ä–∞–º–º–∏—Ä–æ–≤–∞–Ω–∏—è,REMOVE,2023-12-07 14:10
PRO4EX FOREX TRADING SIGNALS,REMOVE,2023-12-07 14:10
Bot testing channel 2,REMOVE,2023-12-07 14:10
–î–æ–±—Ä—ã–µ –Ω–æ–≤–æ—Å—Ç–∏ üì∞,ADD,2023-12-07 16:18
ITLES | –£—Ä–æ–∫–∏ –ø—Ä–æ–≥—Ä–∞–º–º–∏—Ä–æ–≤–∞–Ω–∏—è,ADD,2023-12-07 16:20
PRO4EX FOREX TRADING SIGNALS,ADD,2023-12-07 16:20
Bot testing channel 2,ADD,2023-12-07 16:20
–î–æ–±—Ä—ã–µ –Ω–æ–≤–æ—Å—Ç–∏ üì∞,ADD,2023-12-07 16:20
ITLES | –£—Ä–æ–∫–∏ –ø—Ä–æ–≥—Ä–∞–º–º–∏—Ä–æ–≤–∞–Ω–∏—è,REMOVE,2023-12-07 16:20
PRO4EX FOREX TRADING SIGNALS,REMOVE,2023-12-07 16:20
Bot testing channel 2,REMOVE,2023-12-07 16:20
ITLES | –£—Ä–æ–∫–∏ –ø—Ä–æ–≥—Ä–∞–º–º–∏—Ä–æ–≤–∞–Ω–∏—è,ADD,2023-12-07 16:22
PRO4EX FOREX TRADING SIGNALS,ADD,2023-12-07 16:22
Bot testing channel 2,ADD,2023-12-07 16:22
–î–æ–±—Ä—ã–µ –Ω–æ–≤–æ—Å—Ç–∏ üì∞,ADD,2023-12-07 16:22
ITLES | –£—Ä–æ–∫–∏ –ø—Ä–æ–≥—Ä–∞–º–º–∏—Ä–æ–≤–∞–Ω–∏—è,REMOVE,2023-12-07 16:22
PRO4EX FOREX TRADING SIGNALS,REMOVE,2023-12-07 16:22
Bot testing channel 2,REMOVE,2023-12-07 16:22
–î–æ–±—Ä—ã–µ –Ω–æ–≤–æ—Å—Ç–∏ üì∞,ADD,2023-12-07 16:33
Bot testing channel 2,ADD,2023-12-07 16:58
–î–æ–±—Ä—ã–µ –Ω–æ–≤–æ—Å—Ç–∏ üì∞,REMOVE,2023-12-08 11:00
–ì—Ä—É–ø–ø–∞ ‚ÑñITC011-26,ADD,2023-12-08 11:12
Python Expert | –ü—Ä–æ–≥—Ä–∞–º–º–∏—Ä–æ–≤–∞–Ω–∏–µ,ADD,2023-12-08 11:12
CryptoLab,ADD,2023-12-08 11:12
Bot Testing channel,ADD,2023-12-08 11:12
TRADING BOT - [VIP],ADD,2023-12-08 11:12
Trade Indicator üöÄ,ADD,2023-12-08 11:12
Litvinoff,ADD,2023-12-08 11:12
ITLES | –£—Ä–æ–∫–∏ –ø—Ä–æ–≥—Ä–∞–º–º–∏—Ä–æ–≤–∞–Ω–∏—è,ADD,2023-12-08 11:12
PRO4EX FOREX TRADING SIGNALS,ADD,2023-12-08 11:12
Bot testing channel 2,ADD,2023-12-08 11:12
–ì—Ä—É–ø–ø–∞ ‚ÑñITC011-26,REMOVE,2023-12-08 11:12
Python Expert | –ü—Ä–æ–≥—Ä–∞–º–º–∏—Ä–æ–≤–∞–Ω–∏–µ,REMOVE,2023-12-08 11:12
CryptoLab,REMOVE,2023-12-08 11:12
Bot Testing channel,REMOVE,2023-12-08 11:12
TRADING BOT - [VIP],REMOVE,2023-12-08 11:12
Trade Indicator üöÄ,REMOVE,2023-12-08 11:12
Litvinoff,REMOVE,2023-12-08 11:12
ITLES | –£—Ä–æ–∫–∏ –ø—Ä–æ–≥—Ä–∞–º–º–∏—Ä–æ–≤–∞–Ω–∏—è,REMOVE,2023-12-08 11:12
PRO4EX FOREX TRADING SIGNALS,REMOVE,2023-12-08 11:12
Bot testing channel 2,REMOVE,2023-12-08 11:12
–î–æ–±—Ä—ã–µ –Ω–æ–≤–æ—Å—Ç–∏ üì∞,REMOVE,2023-12-08 11:12
–î–æ–±—Ä—ã–µ –Ω–æ–≤–æ—Å—Ç–∏ üì∞,REMOVE,2023-12-08 11:15
–î–æ–±—Ä—ã–µ –Ω–æ–≤–æ—Å—Ç–∏ üì∞,REMOVE,2023-12-08 11:16
–î–æ–±—Ä—ã–µ –Ω–æ–≤–æ—Å—Ç–∏ üì∞,REMOVE,2023-12-08 11:18
Bot Testing channel,ADD,2023-12-08 11:25
Bot Testing channel,REMOVE,2023-12-08 11:25
–î–æ–±—Ä—ã–µ –Ω–æ–≤–æ—Å—Ç–∏ üì∞,REMOVE,2023-12-08 11:25
–î–æ–±—Ä—ã–µ –Ω–æ–≤–æ—Å—Ç–∏ üì∞,REMOVE,2023-12-08 11:27
–î–æ–±—Ä—ã–µ –Ω–æ–≤–æ—Å—Ç–∏ üì∞,REMOVE,2023-12-08 11:28
–î–æ–±—Ä—ã–µ –Ω–æ–≤–æ—Å—Ç–∏ üì∞,REMOVE,2023-12-08 11:30
–î–æ–±—Ä—ã–µ –Ω–æ–≤–æ—Å—Ç–∏ üì∞,REMOVE,2023-12-08 11:32
–î–æ–±—Ä—ã–µ –Ω–æ–≤–æ—Å—Ç–∏ üì∞,REMOVE,2023-12-08 11:37
–î–æ–±—Ä—ã–µ –Ω–æ–≤–æ—Å—Ç–∏ üì∞,REMOVE,2023-12-08 11:39
–î–æ–±—Ä—ã–µ –Ω–æ–≤–æ—Å—Ç–∏ üì∞,REMOVE,2023-12-08 11:40
–î–æ–±—Ä—ã–µ –Ω–æ–≤–æ—Å—Ç–∏ üì∞,REMOVE,2023-12-08 11:40
–î–æ–±—Ä—ã–µ –Ω–æ–≤–æ—Å—Ç–∏ üì∞,REMOVE,2023-12-08 11:41
–î–æ–±—Ä—ã–µ –Ω–æ–≤–æ—Å—Ç–∏ üì∞,REMOVE,2023-12-08 11:46
–î–æ–±—Ä—ã–µ –Ω–æ–≤–æ—Å—Ç–∏ üì∞,REMOVE,2023-12-08 11:48
–î–æ–±—Ä—ã–µ –Ω–æ–≤–æ—Å—Ç–∏ üì∞,REMOVE,2023-12-08 11:48
–î–æ–±—Ä—ã–µ –Ω–æ–≤–æ—Å—Ç–∏ üì∞,REMOVE,2023-12-08 11:59
–î–æ–±—Ä—ã–µ –Ω–æ–≤–æ—Å—Ç–∏ üì∞,REMOVE,2023-12-08 11:59
–î–æ–±—Ä—ã–µ –Ω–æ–≤–æ—Å—Ç–∏ üì∞,REMOVE,2023-12-08 12:01
–î–æ–±—Ä—ã–µ –Ω–æ–≤–æ—Å—Ç–∏ üì∞,REMOVE,2023-12-08 12:02
–î–æ–±—Ä—ã–µ –Ω–æ–≤–æ—Å—Ç–∏ üì∞,REMOVE,2023-12-08 12:05
–î–æ–±—Ä—ã–µ –Ω–æ–≤–æ—Å—Ç–∏ üì∞,REMOVE,2023-12-08 12:05
–î–æ–±—Ä—ã–µ –Ω–æ–≤–æ—Å—Ç–∏ üì∞,REMOVE,2023-12-08 12:05
Bot testing channel 2,ADD,2023-12-08 12:06
Bot testing channel 2,REMOVE,2023-12-08 12:06
–î–æ–±—Ä—ã–µ –Ω–æ–≤–æ—Å—Ç–∏ üì∞,REMOVE,2023-12-08 12:06
–î–æ–±—Ä—ã–µ –Ω–æ–≤–æ—Å—Ç–∏ üì∞,REMOVE,2023-12-08 12:12
–î–æ–±—Ä—ã–µ –Ω–æ–≤–æ—Å—Ç–∏ üì∞,REMOVE,2023-12-08 12:12
–î–æ–±—Ä—ã–µ –Ω–æ–≤–æ—Å—Ç–∏ üì∞,REMOVE,2023-12-08 12:12
–î–æ–±—Ä—ã–µ –Ω–æ–≤–æ—Å—Ç–∏ üì∞,REMOVE,2023-12-08 12:14
–î–æ–±—Ä—ã–µ –Ω–æ–≤–æ—Å—Ç–∏ üì∞,REMOVE,2023-12-08 12:14
–î–æ–±—Ä—ã–µ –Ω–æ–≤–æ—Å—Ç–∏ üì∞,REMOVE,2023-12-09 10:22
–ì—Ä—É–ø–ø–∞ ‚ÑñITC011-26,ADD,2023-12-14 15:24
Python Expert | –ü—Ä–æ–≥—Ä–∞–º–º–∏—Ä–æ–≤–∞–Ω–∏–µ,ADD,2023-12-14 15:24
CryptoLab,ADD,2023-12-14 15:24
Programmer & IT Memes,ADD,2023-12-14 15:24
Bot Testing channel,ADD,2023-12-14 15:24
TRADING BOT - [VIP],ADD,2023-12-14 15:24
Trade Indicator üöÄ,ADD,2023-12-14 15:24
Litvinoff,ADD,2023-12-14 15:24
ITLES | –£—Ä–æ–∫–∏ –ø—Ä–æ–≥—Ä–∞–º–º–∏—Ä–æ–≤–∞–Ω–∏—è,ADD,2023-12-14 15:24
PRO4EX FOREX TRADING SIGNALS,ADD,2023-12-14 15:24
Bot testing channel 2,ADD,2023-12-14 15:24
Bot news testing channel,REMOVE,2023-12-14 15:24
–î–æ–±—Ä—ã–µ –Ω–æ–≤–æ—Å—Ç–∏ üì∞,REMOVE,2023-12-14 15:24
Bot news testing channel,REMOVE,2023-12-14 15:24
–î–æ–±—Ä—ã–µ –Ω–æ–≤–æ—Å—Ç–∏ üì∞,REMOVE,2023-12-14 15:24
–ì—Ä—É–ø–ø–∞ ‚ÑñITC011-26,ADD,2023-12-14 15:31
Python Expert | –ü—Ä–æ–≥—Ä–∞–º–º–∏—Ä–æ–≤–∞–Ω–∏–µ,ADD,2023-12-14 15:31
CryptoLab,ADD,2023-12-14 15:31
Programmer & IT Memes,ADD,2023-12-14 15:31
Bot Testing channel,ADD,2023-12-14 15:31
TRADING BOT - [VIP],ADD,2023-12-14 15:31
Trade Indicator üöÄ,ADD,2023-12-14 15:31
Litvinoff,ADD,2023-12-14 15:31
ITLES | –£—Ä–æ–∫–∏ –ø—Ä–æ–≥—Ä–∞–º–º–∏—Ä–æ–≤–∞–Ω–∏—è,ADD,2023-12-14 15:31
PRO4EX FOREX TRADING SIGNALS,ADD,2023-12-14 15:31
Bot testing channel 2,ADD,2023-12-14 15:31
Bot news testing channel,REMOVE,2023-12-14 15:31
–î–æ–±—Ä—ã–µ –Ω–æ–≤–æ—Å—Ç–∏ üì∞,REMOVE,2023-12-14 15:31
Bot testing channel 2,ADD,2023-12-19 09:47
Bot testing channel 2,ADD,2023-12-21 09:07
CryptoLab,ADD,2023-12-21 19:01
Programmer & IT Memes,ADD,2023-12-21 19:01
Bot Testing channel,ADD,2023-12-21 19:01
TRADING BOT - [VIP],ADD,2023-12-21 19:01
Trade Indicator üöÄ,ADD,2023-12-21 19:01
Litvinoff,ADD,2023-12-21 19:01
ITLES | –£—Ä–æ–∫–∏ –ø—Ä–æ–≥—Ä–∞–º–º–∏—Ä–æ–≤–∞–Ω–∏—è,ADD,2023-12-21 19:01
PRO4EX FOREX TRADING SIGNALS,ADD,2023-12-21 19:01
Bot testing channel 2,ADD,2023-12-21 19:01
CryptoLab,ADD,2023-12-21 19:15
Programmer & IT Memes,ADD,2023-12-21 19:15
Bot Testing channel,ADD,2023-12-21 19:15
TRADING BOT - [VIP],ADD,2023-12-21 19:15
Trade Indicator üöÄ,ADD,2023-12-21 19:15
Litvinoff,ADD,2023-12-21 19:15
ITLES | –£—Ä–æ–∫–∏ –ø—Ä–æ–≥—Ä–∞–º–º–∏—Ä–æ–≤–∞–Ω–∏—è,ADD,2023-12-21 19:15
PRO4EX FOREX TRADING SIGNALS,ADD,2023-12-21 19:15
Bot testing channel 2,ADD,2023-12-21 19:15
CryptoLab,ADD,2023-12-21 19:45
Programmer & IT Memes,ADD,2023-12-21 19:45
Bot Testing channel,ADD,2023-12-21 19:45
TRADING BOT - [VIP],ADD,2023-12-21 19:45
Trade Indicator üöÄ,ADD,2023-12-21 19:45
Litvinoff,ADD,2023-12-21 19:45
ITLES | –£—Ä–æ–∫–∏ –ø—Ä–æ–≥—Ä–∞–º–º–∏—Ä–æ–≤–∞–Ω–∏—è,ADD,2023-12-21 19:45
PRO4EX FOREX TRADING SIGNALS,ADD,2023-12-21 19:45
Bot testing channel 2,ADD,2023-12-21 19:45
Bot testing channel 2,ADD,2023-12-25 07:12
Bot testing channel 2,REMOVE,2023-12-25 07:12
TRADING BOT - [VIP],ADD,2024-01-12 17:27
–î–æ–±—Ä—ã–µ –Ω–æ–≤–æ—Å—Ç–∏ üì∞,ADD,2024-01-12 17:27
Programmer & IT Memes,ADD,2024-01-12 17:27
CryptoLab,ADD,2024-01-12 17:27
Trade Indicator üöÄ,ADD,2024-01-12 17:27
Bot Testing channel,ADD,2024-01-12 17:27
Bot testing channel 2,ADD,2024-01-12 17:27
Litvinoff,ADD,2024-01-12 17:27
ITLES | –£—Ä–æ–∫–∏ –ø—Ä–æ–≥—Ä–∞–º–º–∏—Ä–æ–≤–∞–Ω–∏—è,ADD,2024-01-12 17:27
Programmer & IT Memes,REMOVE,2024-01-12 17:27
CryptoLab,REMOVE,2024-01-12 17:27
TRADING BOT - [VIP],REMOVE,2024-01-12 17:27
Trade Indicator üöÄ,REMOVE,2024-01-12 17:27
Bot Testing channel,REMOVE,2024-01-12 17:27
Bot testing channel 2,REMOVE,2024-01-12 17:27
Litvinoff,REMOVE,2024-01-12 17:27
ITLES | –£—Ä–æ–∫–∏ –ø—Ä–æ–≥—Ä–∞–º–º–∏—Ä–æ–≤–∞–Ω–∏—è,REMOVE,2024-01-12 17:27
PRO4EX FOREX TRADING SIGNALS,REMOVE,2024-01-12 17:27
Programmer & IT Memes,ADD,2024-01-12 17:49
CryptoLab,ADD,2024-01-12 17:49
TRADING BOT - [VIP],ADD,2024-01-12 17:49
Trade Indicator üöÄ,ADD,2024-01-12 17:49
Bot Testing channel,ADD,2024-01-12 17:49
Bot testing channel 2,ADD,2024-01-12 17:49
Litvinoff,ADD,2024-01-12 17:49
ITLES | –£—Ä–æ–∫–∏ –ø—Ä–æ–≥—Ä–∞–º–º–∏—Ä–æ–≤–∞–Ω–∏—è,ADD,2024-01-12 17:49
Programmer & IT Memes,ADD,2024-01-12 17:51
CryptoLab,ADD,2024-01-12 17:51
TRADING BOT - [VIP],ADD,2024-01-12 17:51
Bot Testing channel,ADD,2024-01-12 17:51
Bot testing channel 2,ADD,2024-01-12 17:51
Litvinoff,ADD,2024-01-12 17:51
ITLES | –£—Ä–æ–∫–∏ –ø—Ä–æ–≥—Ä–∞–º–º–∏—Ä–æ–≤–∞–Ω–∏—è,ADD,2024-01-12 17:51
Programmer & IT Memes,ADD,2024-01-12 17:52
CryptoLab,ADD,2024-01-12 17:52
TRADING BOT - [VIP],ADD,2024-01-12 17:52
Trade Indicator üöÄ,ADD,2024-01-12 17:52
Bot Testing channel,ADD,2024-01-12 17:52
Bot testing channel 2,ADD,2024-01-12 17:52
Litvinoff,ADD,2024-01-12 17:52
ITLES | –£—Ä–æ–∫–∏ –ø—Ä–æ–≥—Ä–∞–º–º–∏—Ä–æ–≤–∞–Ω–∏—è,ADD,2024-01-12 17:52
Programmer & IT Memes,ADD,2024-01-12 17:56
CryptoLab,ADD,2024-01-12 17:56
TRADING BOT - [VIP],ADD,2024-01-12 17:56
Bot Testing channel,ADD,2024-01-12 17:56
Bot testing channel 2,ADD,2024-01-12 17:56
Litvinoff,ADD,2024-01-12 17:56
ITLES | –£—Ä–æ–∫–∏ –ø—Ä–æ–≥—Ä–∞–º–º–∏—Ä–æ–≤–∞–Ω–∏—è,ADD,2024-01-12 17:56
Trade Indicator üöÄ,ADD,2024-01-12 17:57
Trade Indicator üöÄ,ADD,2024-01-12 18:12
Bot Testing channel,REMOVE,2024-01-13 08:17
Bot testing channel 2,REMOVE,2024-01-13 08:17
Bot Testing channel,ADD,2024-01-13 08:18
Bot testing channel 2,ADD,2024-01-13 08:18
CryptoLab,ADD,2024-01-24 16:37
TRADING BOT - [VIP],ADD,2024-01-24 16:37
Litvinoff,ADD,2024-01-24 16:37
ITLES | –£—Ä–æ–∫–∏ –ø—Ä–æ–≥—Ä–∞–º–º–∏—Ä–æ–≤–∞–Ω–∏—è,ADD,2024-01-24 16:37
Bot Testing channel,ADD,2024-01-24 16:37
Bot testing channel 2,ADD,2024-01-24 16:37
Bot news testing channel,REMOVE,2024-01-24 16:37
Trade Indicator üöÄ,ADD,2024-01-24 16:37
Bot news testing channel,REMOVE,2024-01-24 16:37
CryptoLab,REMOVE,2024-01-27 18:31
Bot news testing channel,REMOVE,2024-01-27 18:31
Bot news testing channel,REMOVE,2024-01-27 18:31
CAZADOR,ADD,2024-03-19 18:00
Trade Community,ADD,2024-03-19 18:00
Crypto Futures [Signal],ADD,2024-03-19 18:00
KARO TRADE,ADD,2024-03-19 18:00
PRO TRADING | SIGNALS,ADD,2024-03-19 18:00
–û—Ö–æ—Ç–Ω–∏–∫–∏ –∑–∞ –ª–∏–∫–≤–∏–¥–Ω–æ—Å—Ç—å—é,ADD,2024-03-19 18:00
–≤–∏–ø –ª–µ—Å–µ–Ω–∫–∞ ~ –º–∞—Ä–∞—Ñ–æ–Ω,ADD,2024-03-19 18:00
PRODIGI TRADE,ADD,2024-03-19 18:00
–ó–∞–∫—Ä—ã—Ç—ã–π –∫–∞–Ω–∞–ª –†–∞—Ñ–∞—ç–ª—è,ADD,2024-03-19 18:00
Long way of Alan | Trades,ADD,2024-03-19 18:00
Bot Testing channel,REMOVE,2024-03-19 18:00
Bot testing channel 2,REMOVE,2024-03-19 18:00
Bot news testing channel,REMOVE,2024-03-19 18:00
